-- Home Work 5

-- DONE 1 Створити базу даних та заповнити даними запустивши скрiпт з файла "library_db.sql"
-- DONE 2 Зробити 10 будь-яких запитiв зi списку у файлi "список_запитiв_до_бази_дз_5.txt"
-- 3 Додатково: зробити всi 20 запитiв зi списку у файлi "список_запитiв_до_бази_дз_5.txt"

CREATE DATABASE [Library]
GO
USE [Library]
GO
CREATE TABLE [dbo].[Authors](
	[Id] [int] IDENTITY(1,1) NOT NULL,
	[FirstName] [nvarchar](15) NOT NULL,
	[LastName] [nvarchar](25) NOT NULL
) ON [PRIMARY]
GO
CREATE TABLE [dbo].[Books](
	[Id] [int] IDENTITY(1,1) NOT NULL,
	[Name] [nvarchar](100) NOT NULL,
	[Pages] [int] NOT NULL,
	[YearPress] [int] NOT NULL,
	[Id_Themes] [int] NOT NULL,
	[Id_Category] [int] NOT NULL,
	[Id_Author] [int] NOT NULL,
	[Id_Press] [int] NOT NULL,
	[Comment] [nvarchar](50) NULL,
	[Quantity] [int] NOT NULL
) ON [PRIMARY]
GO
CREATE TABLE [dbo].[Categories](
	[Id] [int] IDENTITY(1,1) NOT NULL,
	[Name] [nvarchar](30) NOT NULL
) ON [PRIMARY]

GO
CREATE TABLE [dbo].[Departments](
	[Id] [int] IDENTITY(1,1) NOT NULL,
	[Name] [nvarchar](40) NOT NULL
) ON [PRIMARY]
GO
CREATE TABLE [dbo].[Faculties](
	[Id] [int] IDENTITY(1,1) NOT NULL,
	[Name] [nvarchar](20) NOT NULL
) ON [PRIMARY]

GO
CREATE TABLE [dbo].[Groups](
	[Id] [int] IDENTITY(1,1) NOT NULL,
	[Name] [nvarchar](10) NOT NULL,
	[Id_Faculty] [int] NOT NULL
) ON [PRIMARY]

GO
CREATE TABLE [dbo].[Libs](
	[Id] [int] IDENTITY(1,1) NOT NULL,
	[FirstName] [nvarchar](15) NOT NULL,
	[LastName] [nvarchar](25) NOT NULL
) ON [PRIMARY]

GO
CREATE TABLE [dbo].[Press](
	[Id] [int] IDENTITY(1,1) NOT NULL,
	[Name] [nvarchar](30) NOT NULL
) ON [PRIMARY]
GO
CREATE TABLE [dbo].[S_Cards](
	[Id] [int] IDENTITY(1,1) NOT NULL,
	[Id_Student] [int] NOT NULL,
	[Id_Book] [int] NOT NULL,
	[DateOut] [datetime] NOT NULL,
	[DateIn] [datetime] NULL,
	[Id_Lib] [int] NOT NULL
) ON [PRIMARY]
GO
CREATE TABLE [dbo].[Students](
	[Id] [int] IDENTITY(1,1) NOT NULL,
	[FirstName] [nvarchar](15) NOT NULL,
	[LastName] [nvarchar](25) NOT NULL,
	[Id_Group] [int] NOT NULL,
	[Term] [int] NOT NULL
) ON [PRIMARY]
GO
CREATE TABLE [dbo].[T_Cards](
	[Id] [int] IDENTITY(1,1) NOT NULL,
	[Id_Teacher] [int] NOT NULL,
	[Id_Book] [int] NOT NULL,
	[DateOut] [datetime] NOT NULL,
	[DateIn] [datetime] NULL,
	[Id_Lib] [int] NOT NULL
) ON [PRIMARY]
GO
CREATE TABLE [dbo].[Teachers](
	[Id] [int] IDENTITY(1,1) NOT NULL,
	[FirstName] [nvarchar](15) NOT NULL,
	[LastName] [nvarchar](25) NOT NULL,
	[Id_Dep] [int] NOT NULL
) ON [PRIMARY]
GO
CREATE TABLE [dbo].[Themes](
	[Id] [int] IDENTITY(1,1) NOT NULL,
	[Name] [nvarchar](30) NOT NULL
) ON [PRIMARY]
GO
SET IDENTITY_INSERT [dbo].[Authors] ON 
INSERT [dbo].[Authors] ([Id], [FirstName], [LastName]) VALUES (1, N'Джеймс Р.', N'Грофф')
INSERT [dbo].[Authors] ([Id], [FirstName], [LastName]) VALUES (2, N'Сергей', N'Никольский')
INSERT [dbo].[Authors] ([Id], [FirstName], [LastName]) VALUES (3, N'Михаил', N'Маров')
INSERT [dbo].[Authors] ([Id], [FirstName], [LastName]) VALUES (4, N'Борис', N'Карпов')
INSERT [dbo].[Authors] ([Id], [FirstName], [LastName]) VALUES (5, N'Алексей', N'Архангельский')
INSERT [dbo].[Authors] ([Id], [FirstName], [LastName]) VALUES (6, N'Владимир', N'Король')
INSERT [dbo].[Authors] ([Id], [FirstName], [LastName]) VALUES (7, N'Евангелос', N'Петрусос')
INSERT [dbo].[Authors] ([Id], [FirstName], [LastName]) VALUES (8, N'Маркус', N'Херхагер')
INSERT [dbo].[Authors] ([Id], [FirstName], [LastName]) VALUES (9, N'Павел', N'Гарбар')
INSERT [dbo].[Authors] ([Id], [FirstName], [LastName]) VALUES (10, N'Александр', N'Матросов')
INSERT [dbo].[Authors] ([Id], [FirstName], [LastName]) VALUES (11, N'Людмила', N'Омельченко')
INSERT [dbo].[Authors] ([Id], [FirstName], [LastName]) VALUES (12, N'Кевин', N'Рейчард')
INSERT [dbo].[Authors] ([Id], [FirstName], [LastName]) VALUES (13, N'Ольга', N'Кокорева')
INSERT [dbo].[Authors] ([Id], [FirstName], [LastName]) VALUES (14, N'Марк', N'Браун')
SET IDENTITY_INSERT [dbo].[Authors] OFF

SET IDENTITY_INSERT [dbo].[Books] ON 
INSERT [dbo].[Books] ([Id], [Name], [Pages], [YearPress], [Id_Themes], [Id_Category], [Id_Author], [Id_Press], [Comment], [Quantity]) VALUES (1, N'SQL', 816, 2001, 1, 1, 1, 2, N'2-е издание', 2)
INSERT [dbo].[Books] ([Id], [Name], [Pages], [YearPress], [Id_Themes], [Id_Category], [Id_Author], [Id_Press], [Comment], [Quantity]) VALUES (2, N'3D Studio Max 3', 640, 2000, 3, 6, 3, 3, N'Учебный курс', 3)
INSERT [dbo].[Books] ([Id], [Name], [Pages], [YearPress], [Id_Themes], [Id_Category], [Id_Author], [Id_Press], [Comment], [Quantity]) VALUES (3, N'100 компонентов общего назначения библиотеки Delphi 5', 272, 1999, 2, 4, 5, 4, N'Компоненты', 1)
INSERT [dbo].[Books] ([Id], [Name], [Pages], [YearPress], [Id_Themes], [Id_Category], [Id_Author], [Id_Press], [Comment], [Quantity]) VALUES (4, N'Visual Basic 6', 416, 2000, 2, 5, 4, 3, N'Специальный справочник', 1)
INSERT [dbo].[Books] ([Id], [Name], [Pages], [YearPress], [Id_Themes], [Id_Category], [Id_Author], [Id_Press], [Comment], [Quantity]) VALUES (5, N'Курс математического анализа', 328, 1990, 4, 2, 2, 5, N'1-й том', 1)
INSERT [dbo].[Books] ([Id], [Name], [Pages], [YearPress], [Id_Themes], [Id_Category], [Id_Author], [Id_Press], [Comment], [Quantity]) VALUES (6, N'Библиотека C++ Builder 5: 70 компонентов ввода/вывода информации', 288, 2000, 2, 3, 5, 4, N'Компоненты', 1)
INSERT [dbo].[Books] ([Id], [Name], [Pages], [YearPress], [Id_Themes], [Id_Category], [Id_Author], [Id_Press], [Comment], [Quantity]) VALUES (7, N'Интегрированная среда разработки', 272, 2000, 2, 3, 5, 4, N'Среда разработки', 2)
INSERT [dbo].[Books] ([Id], [Name], [Pages], [YearPress], [Id_Themes], [Id_Category], [Id_Author], [Id_Press], [Comment], [Quantity]) VALUES (8, N'Русская справка (Help) по Delphi 5 и  Object Pascal', 32, 2000, 2, 4, 5, 4, N'Справочник', 1)
INSERT [dbo].[Books] ([Id], [Name], [Pages], [YearPress], [Id_Themes], [Id_Category], [Id_Author], [Id_Press], [Comment], [Quantity]) VALUES (9, N'Visual Basic 6.0 for Application', 488, 2000, 2, 5, 6, 6, N'Справочник с примерами', 3)
INSERT [dbo].[Books] ([Id], [Name], [Pages], [YearPress], [Id_Themes], [Id_Category], [Id_Author], [Id_Press], [Comment], [Quantity]) VALUES (10, N'Visual Basic 6', 576, 2000, 2, 5, 7, 2, N'Руководство разработчика 1-й том', 1)
INSERT [dbo].[Books] ([Id], [Name], [Pages], [YearPress], [Id_Themes], [Id_Category], [Id_Author], [Id_Press], [Comment], [Quantity]) VALUES (11, N'Mathcad 2000', 416, 2000, 5, 7, 8, 2, N'Полное руководство', 1)
INSERT [dbo].[Books] ([Id], [Name], [Pages], [YearPress], [Id_Themes], [Id_Category], [Id_Author], [Id_Press], [Comment], [Quantity]) VALUES (12, N'Novell GroupWise 5.5 система электронной почты и коллективной работы', 480, 2000, 6, 8, 9, 2, N'Сетевые пакеты', 2)
INSERT [dbo].[Books] ([Id], [Name], [Pages], [YearPress], [Id_Themes], [Id_Category], [Id_Author], [Id_Press], [Comment], [Quantity]) VALUES (13, N'Реестр Windows 2000', 352, 2000, 9, 12, 13, 2, N'Руководство для профессионалов', 4)
INSERT [dbo].[Books] ([Id], [Name], [Pages], [YearPress], [Id_Themes], [Id_Category], [Id_Author], [Id_Press], [Comment], [Quantity]) VALUES (14, N'Unix справочник', 384, 1999, 9, 13, 12, 3, N'Справочное руководство', 1)
INSERT [dbo].[Books] ([Id], [Name], [Pages], [YearPress], [Id_Themes], [Id_Category], [Id_Author], [Id_Press], [Comment], [Quantity]) VALUES (15, N'Самоучитель Visual FoxPro 6.0', 512, 1999, 1, 11, 11, 2, N'Самоучитель', 1)
INSERT [dbo].[Books] ([Id], [Name], [Pages], [YearPress], [Id_Themes], [Id_Category], [Id_Author], [Id_Press], [Comment], [Quantity]) VALUES (16, N'Самоучитель FrontPage 2000', 512, 1999, 7, 10, 11, 2, N'Самоучитель', 1)
INSERT [dbo].[Books] ([Id], [Name], [Pages], [YearPress], [Id_Themes], [Id_Category], [Id_Author], [Id_Press], [Comment], [Quantity]) VALUES (17, N'Самоучитель Perl', 432, 2000, 2, 9, 10, 2, N'Самоучитель', 2)
INSERT [dbo].[Books] ([Id], [Name], [Pages], [YearPress], [Id_Themes], [Id_Category], [Id_Author], [Id_Press], [Comment], [Quantity]) VALUES (18, N'HTML 3.2', 1040, 2000, 7, 14, 14, 2, N'Руководство', 5)
SET IDENTITY_INSERT [dbo].[Books] OFF

SET IDENTITY_INSERT [dbo].[Categories] ON 
INSERT [dbo].[Categories] ([Id], [Name]) VALUES (1, N'Язык SQL')
INSERT [dbo].[Categories] ([Id], [Name]) VALUES (2, N'Математический анализ')
INSERT [dbo].[Categories] ([Id], [Name]) VALUES (3, N'C++ Builder')
INSERT [dbo].[Categories] ([Id], [Name]) VALUES (4, N'Delphi')
INSERT [dbo].[Categories] ([Id], [Name]) VALUES (5, N'Visual Basic')
INSERT [dbo].[Categories] ([Id], [Name]) VALUES (6, N'3D Studio Max')
INSERT [dbo].[Categories] ([Id], [Name]) VALUES (7, N'Mathcad')
INSERT [dbo].[Categories] ([Id], [Name]) VALUES (8, N'Novell')
INSERT [dbo].[Categories] ([Id], [Name]) VALUES (9, N'Perl')
INSERT [dbo].[Categories] ([Id], [Name]) VALUES (10, N'FrontPage')
INSERT [dbo].[Categories] ([Id], [Name]) VALUES (11, N'Visual FoxPro')
INSERT [dbo].[Categories] ([Id], [Name]) VALUES (12, N'Windows 2000')
INSERT [dbo].[Categories] ([Id], [Name]) VALUES (13, N'Unix')
INSERT [dbo].[Categories] ([Id], [Name]) VALUES (14, N'HTML')
SET IDENTITY_INSERT [dbo].[Categories] OFF

SET IDENTITY_INSERT [dbo].[Departments] ON 
INSERT [dbo].[Departments] ([Id], [Name]) VALUES (1, N'Программерства')
INSERT [dbo].[Departments] ([Id], [Name]) VALUES (2, N'Графики и Дизайна')
INSERT [dbo].[Departments] ([Id], [Name]) VALUES (3, N'Железа и Администрирования')
SET IDENTITY_INSERT [dbo].[Departments] OFF

SET IDENTITY_INSERT [dbo].[Faculties] ON 
INSERT [dbo].[Faculties] ([Id], [Name]) VALUES (1, N'Программирования')
INSERT [dbo].[Faculties] ([Id], [Name]) VALUES (2, N'Веб-дизайна')
INSERT [dbo].[Faculties] ([Id], [Name]) VALUES (3, N'Администрирования')
SET IDENTITY_INSERT [dbo].[Faculties] OFF

SET IDENTITY_INSERT [dbo].[Groups] ON 
INSERT [dbo].[Groups] ([Id], [Name], [Id_Faculty]) VALUES (2, N'9П1', 1)
INSERT [dbo].[Groups] ([Id], [Name], [Id_Faculty]) VALUES (3, N'9П2', 1)
INSERT [dbo].[Groups] ([Id], [Name], [Id_Faculty]) VALUES (4, N'9А', 3)
INSERT [dbo].[Groups] ([Id], [Name], [Id_Faculty]) VALUES (5, N'9Д', 2)
INSERT [dbo].[Groups] ([Id], [Name], [Id_Faculty]) VALUES (6, N'14А', 3)
INSERT [dbo].[Groups] ([Id], [Name], [Id_Faculty]) VALUES (7, N'19П1', 1)
INSERT [dbo].[Groups] ([Id], [Name], [Id_Faculty]) VALUES (8, N'18П2', 1)
INSERT [dbo].[Groups] ([Id], [Name], [Id_Faculty]) VALUES (9, N'18А', 3)
INSERT [dbo].[Groups] ([Id], [Name], [Id_Faculty]) VALUES (10, N'19Д', 2)
SET IDENTITY_INSERT [dbo].[Groups] OFF

SET IDENTITY_INSERT [dbo].[Libs] ON 
INSERT [dbo].[Libs] ([Id], [FirstName], [LastName]) VALUES (1, N'Сергей', N'Максименко')
INSERT [dbo].[Libs] ([Id], [FirstName], [LastName]) VALUES (2, N'Дмитрий', N'Чеботарев')
SET IDENTITY_INSERT [dbo].[Libs] OFF

SET IDENTITY_INSERT [dbo].[Press] ON 
INSERT [dbo].[Press] ([Id], [Name]) VALUES (1, N'DiaSoft')
INSERT [dbo].[Press] ([Id], [Name]) VALUES (2, N'BHV')
INSERT [dbo].[Press] ([Id], [Name]) VALUES (3, N'Питер')
INSERT [dbo].[Press] ([Id], [Name]) VALUES (4, N'Бином')
INSERT [dbo].[Press] ([Id], [Name]) VALUES (5, N'Наука')
INSERT [dbo].[Press] ([Id], [Name]) VALUES (6, N'Кудиц-Образ')
INSERT [dbo].[Press] ([Id], [Name]) VALUES (7, N'Диалектика')
SET IDENTITY_INSERT [dbo].[Press] OFF

SET IDENTITY_INSERT [dbo].[S_Cards] ON 
INSERT [dbo].[S_Cards] ([Id], [Id_Student], [Id_Book], [DateOut], [DateIn], [Id_Lib]) VALUES (1, 2, 1, CAST(N'2001-05-17 00:00:00.000' AS DateTime), CAST(N'2001-06-12 00:00:00.000' AS DateTime), 1)
INSERT [dbo].[S_Cards] ([Id], [Id_Student], [Id_Book], [DateOut], [DateIn], [Id_Lib]) VALUES (2, 17, 18, CAST(N'2000-05-18 00:00:00.000' AS DateTime), NULL, 1)
INSERT [dbo].[S_Cards] ([Id], [Id_Student], [Id_Book], [DateOut], [DateIn], [Id_Lib]) VALUES (3, 6, 3, CAST(N'2001-04-21 00:00:00.000' AS DateTime), NULL, 2)
INSERT [dbo].[S_Cards] ([Id], [Id_Student], [Id_Book], [DateOut], [DateIn], [Id_Lib]) VALUES (4, 21, 4, CAST(N'2001-03-26 00:00:00.000' AS DateTime), NULL, 2)
INSERT [dbo].[S_Cards] ([Id], [Id_Student], [Id_Book], [DateOut], [DateIn], [Id_Lib]) VALUES (5, 3, 1, CAST(N'2000-05-07 00:00:00.000' AS DateTime), CAST(N'2001-04-12 00:00:00.000' AS DateTime), 1)
INSERT [dbo].[S_Cards] ([Id], [Id_Student], [Id_Book], [DateOut], [DateIn], [Id_Lib]) VALUES (6, 7, 11, CAST(N'2001-06-02 00:00:00.000' AS DateTime), NULL, 2)
INSERT [dbo].[S_Cards] ([Id], [Id_Student], [Id_Book], [DateOut], [DateIn], [Id_Lib]) VALUES (7, 16, 14, CAST(N'2001-04-05 00:00:00.000' AS DateTime), NULL, 1)
INSERT [dbo].[S_Cards] ([Id], [Id_Student], [Id_Book], [DateOut], [DateIn], [Id_Lib]) VALUES (8, 11, 6, CAST(N'2001-05-05 00:00:00.000' AS DateTime), NULL, 2)
INSERT [dbo].[S_Cards] ([Id], [Id_Student], [Id_Book], [DateOut], [DateIn], [Id_Lib]) VALUES (9, 17, 2, CAST(N'2001-10-01 00:00:00.000' AS DateTime), NULL, 2)
INSERT [dbo].[S_Cards] ([Id], [Id_Student], [Id_Book], [DateOut], [DateIn], [Id_Lib]) VALUES (10, 10, 13, CAST(N'2001-05-05 00:00:00.000' AS DateTime), NULL, 1)
SET IDENTITY_INSERT [dbo].[S_Cards] OFF

SET IDENTITY_INSERT [dbo].[Students] ON 
INSERT [dbo].[Students] ([Id], [FirstName], [LastName], [Id_Group], [Term]) VALUES (2, N'Вячеслав', N'Зезик', 8, 2)
INSERT [dbo].[Students] ([Id], [FirstName], [LastName], [Id_Group], [Term]) VALUES (3, N'Ольга', N'Мантуляк', 8, 2)
INSERT [dbo].[Students] ([Id], [FirstName], [LastName], [Id_Group], [Term]) VALUES (4, N'Ольга', N'Хренова', 8, 2)
INSERT [dbo].[Students] ([Id], [FirstName], [LastName], [Id_Group], [Term]) VALUES (5, N'Ольга', N'Медведева', 8, 2)
INSERT [dbo].[Students] ([Id], [FirstName], [LastName], [Id_Group], [Term]) VALUES (6, N'Галина', N'Инащенко', 8, 2)
INSERT [dbo].[Students] ([Id], [FirstName], [LastName], [Id_Group], [Term]) VALUES (7, N'Юрий', N'Минаев', 8, 2)
INSERT [dbo].[Students] ([Id], [FirstName], [LastName], [Id_Group], [Term]) VALUES (8, N'Юрий', N'Домовесов', 8, 2)
INSERT [dbo].[Students] ([Id], [FirstName], [LastName], [Id_Group], [Term]) VALUES (9, N'Руслан', N'Ярмолович', 8, 2)
INSERT [dbo].[Students] ([Id], [FirstName], [LastName], [Id_Group], [Term]) VALUES (10, N'Игорь', N'Удовик', 8, 2)
INSERT [dbo].[Students] ([Id], [FirstName], [LastName], [Id_Group], [Term]) VALUES (11, N'Петр', N'Кацевич', 8, 2)
INSERT [dbo].[Students] ([Id], [FirstName], [LastName], [Id_Group], [Term]) VALUES (12, N'Евгений', N'Бурцев', 3, 2)
INSERT [dbo].[Students] ([Id], [FirstName], [LastName], [Id_Group], [Term]) VALUES (13, N'Флора', N'Побирская', 3, 2)
INSERT [dbo].[Students] ([Id], [FirstName], [LastName], [Id_Group], [Term]) VALUES (14, N'Наталья', N'Гридина', 3, 2)
INSERT [dbo].[Students] ([Id], [FirstName], [LastName], [Id_Group], [Term]) VALUES (15, N'Елена', N'Акусова', 3, 2)
INSERT [dbo].[Students] ([Id], [FirstName], [LastName], [Id_Group], [Term]) VALUES (16, N'Светлана', N'Горшкова', 9, 2)
INSERT [dbo].[Students] ([Id], [FirstName], [LastName], [Id_Group], [Term]) VALUES (17, N'Александр', N'Любенко', 10, 2)
INSERT [dbo].[Students] ([Id], [FirstName], [LastName], [Id_Group], [Term]) VALUES (18, N'Евгения', N'Цимбалюк', 10, 2)
INSERT [dbo].[Students] ([Id], [FirstName], [LastName], [Id_Group], [Term]) VALUES (19, N'Ольга', N'Болячевская', 5, 2)
INSERT [dbo].[Students] ([Id], [FirstName], [LastName], [Id_Group], [Term]) VALUES (20, N'Станислав', N'Плешаков', 7, 2)
INSERT [dbo].[Students] ([Id], [FirstName], [LastName], [Id_Group], [Term]) VALUES (21, N'Елена', N'Таран', 4, 2)
INSERT [dbo].[Students] ([Id], [FirstName], [LastName], [Id_Group], [Term]) VALUES (22, N'Денис', N'Рогачевский', 6, 2)
INSERT [dbo].[Students] ([Id], [FirstName], [LastName], [Id_Group], [Term]) VALUES (23, N'Оксана', N'Тихонова', 6, 2)
INSERT [dbo].[Students] ([Id], [FirstName], [LastName], [Id_Group], [Term]) VALUES (24, N'Петр', N'Максимов', 3, 2)
INSERT [dbo].[Students] ([Id], [FirstName], [LastName], [Id_Group], [Term]) VALUES (25, N'Ирина', N'Стогнеева', 5, 2)
SET IDENTITY_INSERT [dbo].[Students] OFF

SET IDENTITY_INSERT [dbo].[T_Cards] ON 
INSERT [dbo].[T_Cards] ([Id], [Id_Teacher], [Id_Book], [DateOut], [DateIn], [Id_Lib]) VALUES (1, 2, 13, CAST(N'2000-01-01 00:00:00.000' AS DateTime), CAST(N'2001-07-04 00:00:00.000' AS DateTime), 1)
INSERT [dbo].[T_Cards] ([Id], [Id_Teacher], [Id_Book], [DateOut], [DateIn], [Id_Lib]) VALUES (2, 10, 2, CAST(N'2000-03-03 00:00:00.000' AS DateTime), NULL, 1)
INSERT [dbo].[T_Cards] ([Id], [Id_Teacher], [Id_Book], [DateOut], [DateIn], [Id_Lib]) VALUES (3, 6, 12, CAST(N'2000-06-04 00:00:00.000' AS DateTime), NULL, 2)
INSERT [dbo].[T_Cards] ([Id], [Id_Teacher], [Id_Book], [DateOut], [DateIn], [Id_Lib]) VALUES (4, 3, 1, CAST(N'2000-09-05 00:00:00.000' AS DateTime), NULL, 1)
INSERT [dbo].[T_Cards] ([Id], [Id_Teacher], [Id_Book], [DateOut], [DateIn], [Id_Lib]) VALUES (5, 8, 8, CAST(N'2000-05-05 00:00:00.000' AS DateTime), NULL, 2)
INSERT [dbo].[T_Cards] ([Id], [Id_Teacher], [Id_Book], [DateOut], [DateIn], [Id_Lib]) VALUES (6, 5, 18, CAST(N'2001-02-02 00:00:00.000' AS DateTime), NULL, 2)
INSERT [dbo].[T_Cards] ([Id], [Id_Teacher], [Id_Book], [DateOut], [DateIn], [Id_Lib]) VALUES (7, 12, 17, CAST(N'2001-03-04 00:00:00.000' AS DateTime), NULL, 1)
INSERT [dbo].[T_Cards] ([Id], [Id_Teacher], [Id_Book], [DateOut], [DateIn], [Id_Lib]) VALUES (8, 4, 18, CAST(N'2000-07-02 00:00:00.000' AS DateTime), NULL, 1)
SET IDENTITY_INSERT [dbo].[T_Cards] OFF

SET IDENTITY_INSERT [dbo].[Teachers] ON 
INSERT [dbo].[Teachers] ([Id], [FirstName], [LastName], [Id_Dep]) VALUES (1, N'Григорий', N'Ящук', 1)
INSERT [dbo].[Teachers] ([Id], [FirstName], [LastName], [Id_Dep]) VALUES (2, N'Алекс', N'Туманов', 1)
INSERT [dbo].[Teachers] ([Id], [FirstName], [LastName], [Id_Dep]) VALUES (3, N'Сергей', N'Максименко', 2)
INSERT [dbo].[Teachers] ([Id], [FirstName], [LastName], [Id_Dep]) VALUES (4, N'Дмитрий', N'Боровский', 2)
INSERT [dbo].[Teachers] ([Id], [FirstName], [LastName], [Id_Dep]) VALUES (5, N'Виктор', N'Бровар', 2)
INSERT [dbo].[Teachers] ([Id], [FirstName], [LastName], [Id_Dep]) VALUES (6, N'Вадим', N'Ткаченко', 3)
INSERT [dbo].[Teachers] ([Id], [FirstName], [LastName], [Id_Dep]) VALUES (7, N'Вячеслав', N'Калашников', 3)
INSERT [dbo].[Teachers] ([Id], [FirstName], [LastName], [Id_Dep]) VALUES (8, N'Руслан', N'Кучеренко', 1)
INSERT [dbo].[Teachers] ([Id], [FirstName], [LastName], [Id_Dep]) VALUES (9, N'Андрей', N'Тендюк', 1)
INSERT [dbo].[Teachers] ([Id], [FirstName], [LastName], [Id_Dep]) VALUES (10, N'Анатолий', N'Выклюк', 2)
INSERT [dbo].[Teachers] ([Id], [FirstName], [LastName], [Id_Dep]) VALUES (11, N'Олег', N'Резниченко', 3)
INSERT [dbo].[Teachers] ([Id], [FirstName], [LastName], [Id_Dep]) VALUES (12, N'Александр', N'Артемов', 1)
SET IDENTITY_INSERT [dbo].[Teachers] OFF

SET IDENTITY_INSERT [dbo].[Themes] ON 
INSERT [dbo].[Themes] ([Id], [Name]) VALUES (1, N'Базы данных')
INSERT [dbo].[Themes] ([Id], [Name]) VALUES (2, N'Программирование')
INSERT [dbo].[Themes] ([Id], [Name]) VALUES (3, N'Графические пакеты')
INSERT [dbo].[Themes] ([Id], [Name]) VALUES (4, N'Высшая математика')
INSERT [dbo].[Themes] ([Id], [Name]) VALUES (5, N'Математические пакеты')
INSERT [dbo].[Themes] ([Id], [Name]) VALUES (6, N'Сети')
INSERT [dbo].[Themes] ([Id], [Name]) VALUES (7, N'Web-дизайн')
INSERT [dbo].[Themes] ([Id], [Name]) VALUES (8, N'Windows 2000')
INSERT [dbo].[Themes] ([Id], [Name]) VALUES (9, N'Операционные системы')
SET IDENTITY_INSERT [dbo].[Themes] OFF

ALTER TABLE [dbo].[Authors] ADD  CONSTRAINT [aaaaaAuthors_PK] PRIMARY KEY NONCLUSTERED 
(
	[Id] ASC
)WITH (PAD_INDEX = OFF, STATISTICS_NORECOMPUTE = OFF, IGNORE_DUP_KEY = OFF, ONLINE = OFF, ALLOW_ROW_LOCKS = ON, ALLOW_PAGE_LOCKS = ON) ON [PRIMARY]
GO
ALTER TABLE [dbo].[Books] ADD  CONSTRAINT [aaaaaBooks_PK] PRIMARY KEY NONCLUSTERED 
(
	[Id] ASC
)WITH (PAD_INDEX = OFF, STATISTICS_NORECOMPUTE = OFF, IGNORE_DUP_KEY = OFF, ONLINE = OFF, ALLOW_ROW_LOCKS = ON, ALLOW_PAGE_LOCKS = ON) ON [PRIMARY]
GO
CREATE NONCLUSTERED INDEX [AuthorsBooks] ON [dbo].[Books]
(
	[Id_Author] ASC
)WITH (PAD_INDEX = OFF, STATISTICS_NORECOMPUTE = OFF, SORT_IN_TEMPDB = OFF, DROP_EXISTING = OFF, ONLINE = OFF, ALLOW_ROW_LOCKS = ON, ALLOW_PAGE_LOCKS = ON) ON [PRIMARY]
GO
CREATE NONCLUSTERED INDEX [CategoriesBooks] ON [dbo].[Books]
(
	[Id_Category] ASC
)WITH (PAD_INDEX = OFF, STATISTICS_NORECOMPUTE = OFF, SORT_IN_TEMPDB = OFF, DROP_EXISTING = OFF, ONLINE = OFF, ALLOW_ROW_LOCKS = ON, ALLOW_PAGE_LOCKS = ON) ON [PRIMARY]
GO
CREATE NONCLUSTERED INDEX [PressBooks] ON [dbo].[Books]
(
	[Id_Press] ASC
)WITH (PAD_INDEX = OFF, STATISTICS_NORECOMPUTE = OFF, SORT_IN_TEMPDB = OFF, DROP_EXISTING = OFF, ONLINE = OFF, ALLOW_ROW_LOCKS = ON, ALLOW_PAGE_LOCKS = ON) ON [PRIMARY]
GO
CREATE NONCLUSTERED INDEX [ThemesBooks] ON [dbo].[Books]
(
	[Id_Themes] ASC
)WITH (PAD_INDEX = OFF, STATISTICS_NORECOMPUTE = OFF, SORT_IN_TEMPDB = OFF, DROP_EXISTING = OFF, ONLINE = OFF, ALLOW_ROW_LOCKS = ON, ALLOW_PAGE_LOCKS = ON) ON [PRIMARY]
GO
ALTER TABLE [dbo].[Categories] ADD  CONSTRAINT [aaaaaCategories_PK] PRIMARY KEY NONCLUSTERED 
(
	[Id] ASC
)WITH (PAD_INDEX = OFF, STATISTICS_NORECOMPUTE = OFF, IGNORE_DUP_KEY = OFF, ONLINE = OFF, ALLOW_ROW_LOCKS = ON, ALLOW_PAGE_LOCKS = ON) ON [PRIMARY]
GO
ALTER TABLE [dbo].[Departments] ADD  CONSTRAINT [aaaaaDepartments_PK] PRIMARY KEY NONCLUSTERED 
(
	[Id] ASC
)WITH (PAD_INDEX = OFF, STATISTICS_NORECOMPUTE = OFF, IGNORE_DUP_KEY = OFF, ONLINE = OFF, ALLOW_ROW_LOCKS = ON, ALLOW_PAGE_LOCKS = ON) ON [PRIMARY]
GO
ALTER TABLE [dbo].[Faculties] ADD  CONSTRAINT [aaaaaFaculties_PK] PRIMARY KEY NONCLUSTERED 
(
	[Id] ASC
)WITH (PAD_INDEX = OFF, STATISTICS_NORECOMPUTE = OFF, IGNORE_DUP_KEY = OFF, ONLINE = OFF, ALLOW_ROW_LOCKS = ON, ALLOW_PAGE_LOCKS = ON) ON [PRIMARY]
GO
ALTER TABLE [dbo].[Groups] ADD  CONSTRAINT [aaaaaGroups_PK] PRIMARY KEY NONCLUSTERED 
(
	[Id] ASC
)WITH (PAD_INDEX = OFF, STATISTICS_NORECOMPUTE = OFF, IGNORE_DUP_KEY = OFF, ONLINE = OFF, ALLOW_ROW_LOCKS = ON, ALLOW_PAGE_LOCKS = ON) ON [PRIMARY]
GO
CREATE NONCLUSTERED INDEX [FacultiesGroups] ON [dbo].[Groups]
(
	[Id_Faculty] ASC
)WITH (PAD_INDEX = OFF, STATISTICS_NORECOMPUTE = OFF, SORT_IN_TEMPDB = OFF, DROP_EXISTING = OFF, ONLINE = OFF, ALLOW_ROW_LOCKS = ON, ALLOW_PAGE_LOCKS = ON) ON [PRIMARY]
GO
ALTER TABLE [dbo].[Libs] ADD  CONSTRAINT [aaaaaLibs_PK] PRIMARY KEY NONCLUSTERED 
(
	[Id] ASC
)WITH (PAD_INDEX = OFF, STATISTICS_NORECOMPUTE = OFF, IGNORE_DUP_KEY = OFF, ONLINE = OFF, ALLOW_ROW_LOCKS = ON, ALLOW_PAGE_LOCKS = ON) ON [PRIMARY]
GO
ALTER TABLE [dbo].[Press] ADD  CONSTRAINT [aaaaaPress_PK] PRIMARY KEY NONCLUSTERED 
(
	[Id] ASC
)WITH (PAD_INDEX = OFF, STATISTICS_NORECOMPUTE = OFF, IGNORE_DUP_KEY = OFF, ONLINE = OFF, ALLOW_ROW_LOCKS = ON, ALLOW_PAGE_LOCKS = ON) ON [PRIMARY]
GO
ALTER TABLE [dbo].[S_Cards] ADD  CONSTRAINT [aaaaaS_Cards_PK] PRIMARY KEY NONCLUSTERED 
(
	[Id] ASC
)WITH (PAD_INDEX = OFF, STATISTICS_NORECOMPUTE = OFF, IGNORE_DUP_KEY = OFF, ONLINE = OFF, ALLOW_ROW_LOCKS = ON, ALLOW_PAGE_LOCKS = ON) ON [PRIMARY]
GO
CREATE NONCLUSTERED INDEX [BooksCards] ON [dbo].[S_Cards]
(
	[Id_Book] ASC
)WITH (PAD_INDEX = OFF, STATISTICS_NORECOMPUTE = OFF, SORT_IN_TEMPDB = OFF, DROP_EXISTING = OFF, ONLINE = OFF, ALLOW_ROW_LOCKS = ON, ALLOW_PAGE_LOCKS = ON) ON [PRIMARY]
GO
CREATE NONCLUSTERED INDEX [LibsCards] ON [dbo].[S_Cards]
(
	[Id_Lib] ASC
)WITH (PAD_INDEX = OFF, STATISTICS_NORECOMPUTE = OFF, SORT_IN_TEMPDB = OFF, DROP_EXISTING = OFF, ONLINE = OFF, ALLOW_ROW_LOCKS = ON, ALLOW_PAGE_LOCKS = ON) ON [PRIMARY]
GO
CREATE NONCLUSTERED INDEX [StudentsCards] ON [dbo].[S_Cards]
(
	[Id_Student] ASC
)WITH (PAD_INDEX = OFF, STATISTICS_NORECOMPUTE = OFF, SORT_IN_TEMPDB = OFF, DROP_EXISTING = OFF, ONLINE = OFF, ALLOW_ROW_LOCKS = ON, ALLOW_PAGE_LOCKS = ON) ON [PRIMARY]
GO
ALTER TABLE [dbo].[Students] ADD  CONSTRAINT [aaaaaStudents_PK] PRIMARY KEY NONCLUSTERED 
(
	[Id] ASC
)WITH (PAD_INDEX = OFF, STATISTICS_NORECOMPUTE = OFF, IGNORE_DUP_KEY = OFF, ONLINE = OFF, ALLOW_ROW_LOCKS = ON, ALLOW_PAGE_LOCKS = ON) ON [PRIMARY]
GO
CREATE NONCLUSTERED INDEX [GroupsStudents] ON [dbo].[Students]
(
	[Id_Group] ASC
)WITH (PAD_INDEX = OFF, STATISTICS_NORECOMPUTE = OFF, SORT_IN_TEMPDB = OFF, DROP_EXISTING = OFF, ONLINE = OFF, ALLOW_ROW_LOCKS = ON, ALLOW_PAGE_LOCKS = ON) ON [PRIMARY]
GO
ALTER TABLE [dbo].[T_Cards] ADD  CONSTRAINT [aaaaaT_Cards_PK] PRIMARY KEY NONCLUSTERED 
(
	[Id] ASC
)WITH (PAD_INDEX = OFF, STATISTICS_NORECOMPUTE = OFF, IGNORE_DUP_KEY = OFF, ONLINE = OFF, ALLOW_ROW_LOCKS = ON, ALLOW_PAGE_LOCKS = ON) ON [PRIMARY]
GO
CREATE NONCLUSTERED INDEX [BooksT_Cards] ON [dbo].[T_Cards]
(
	[Id_Book] ASC
)WITH (PAD_INDEX = OFF, STATISTICS_NORECOMPUTE = OFF, SORT_IN_TEMPDB = OFF, DROP_EXISTING = OFF, ONLINE = OFF, ALLOW_ROW_LOCKS = ON, ALLOW_PAGE_LOCKS = ON) ON [PRIMARY]
GO
CREATE NONCLUSTERED INDEX [LibsT_Cards] ON [dbo].[T_Cards]
(
	[Id_Lib] ASC
)WITH (PAD_INDEX = OFF, STATISTICS_NORECOMPUTE = OFF, SORT_IN_TEMPDB = OFF, DROP_EXISTING = OFF, ONLINE = OFF, ALLOW_ROW_LOCKS = ON, ALLOW_PAGE_LOCKS = ON) ON [PRIMARY]
GO
CREATE NONCLUSTERED INDEX [TeachersT_Cards] ON [dbo].[T_Cards]
(
	[Id_Teacher] ASC
)WITH (PAD_INDEX = OFF, STATISTICS_NORECOMPUTE = OFF, SORT_IN_TEMPDB = OFF, DROP_EXISTING = OFF, ONLINE = OFF, ALLOW_ROW_LOCKS = ON, ALLOW_PAGE_LOCKS = ON) ON [PRIMARY]
GO
ALTER TABLE [dbo].[Teachers] ADD  CONSTRAINT [aaaaaTeachers_PK] PRIMARY KEY NONCLUSTERED 
(
	[Id] ASC
)WITH (PAD_INDEX = OFF, STATISTICS_NORECOMPUTE = OFF, IGNORE_DUP_KEY = OFF, ONLINE = OFF, ALLOW_ROW_LOCKS = ON, ALLOW_PAGE_LOCKS = ON) ON [PRIMARY]
GO
CREATE NONCLUSTERED INDEX [DepartmentsTeachers] ON [dbo].[Teachers]
(
	[Id_Dep] ASC
)WITH (PAD_INDEX = OFF, STATISTICS_NORECOMPUTE = OFF, SORT_IN_TEMPDB = OFF, DROP_EXISTING = OFF, ONLINE = OFF, ALLOW_ROW_LOCKS = ON, ALLOW_PAGE_LOCKS = ON) ON [PRIMARY]
GO
ALTER TABLE [dbo].[Themes] ADD  CONSTRAINT [aaaaaThemes_PK] PRIMARY KEY NONCLUSTERED 
(
	[Id] ASC
)WITH (PAD_INDEX = OFF, STATISTICS_NORECOMPUTE = OFF, IGNORE_DUP_KEY = OFF, ONLINE = OFF, ALLOW_ROW_LOCKS = ON, ALLOW_PAGE_LOCKS = ON) ON [PRIMARY]
GO
ALTER TABLE [dbo].[Books]  WITH CHECK ADD  CONSTRAINT [Books_FK00] FOREIGN KEY([Id_Author])
REFERENCES [dbo].[Authors] ([Id])
ON UPDATE CASCADE
ON DELETE CASCADE
GO
ALTER TABLE [dbo].[Books] CHECK CONSTRAINT [Books_FK00]
GO
ALTER TABLE [dbo].[Books]  WITH CHECK ADD  CONSTRAINT [Books_FK01] FOREIGN KEY([Id_Category])
REFERENCES [dbo].[Categories] ([Id])
ON UPDATE CASCADE
ON DELETE CASCADE
GO
ALTER TABLE [dbo].[Books] CHECK CONSTRAINT [Books_FK01]
GO
ALTER TABLE [dbo].[Books]  WITH CHECK ADD  CONSTRAINT [Books_FK02] FOREIGN KEY([Id_Press])
REFERENCES [dbo].[Press] ([Id])
ON UPDATE CASCADE
ON DELETE CASCADE
GO
ALTER TABLE [dbo].[Books] CHECK CONSTRAINT [Books_FK02]
GO
ALTER TABLE [dbo].[Books]  WITH CHECK ADD  CONSTRAINT [Books_FK03] FOREIGN KEY([Id_Themes])
REFERENCES [dbo].[Themes] ([Id])
ON UPDATE CASCADE
ON DELETE CASCADE
GO
ALTER TABLE [dbo].[Books] CHECK CONSTRAINT [Books_FK03]
GO
ALTER TABLE [dbo].[Groups]  WITH CHECK ADD  CONSTRAINT [Groups_FK00] FOREIGN KEY([Id_Faculty])
REFERENCES [dbo].[Faculties] ([Id])
ON UPDATE CASCADE
ON DELETE CASCADE
GO
ALTER TABLE [dbo].[Groups] CHECK CONSTRAINT [Groups_FK00]
GO
ALTER TABLE [dbo].[S_Cards]  WITH CHECK ADD  CONSTRAINT [S_Cards_FK00] FOREIGN KEY([Id_Book])
REFERENCES [dbo].[Books] ([Id])
ON UPDATE CASCADE
ON DELETE CASCADE
GO
ALTER TABLE [dbo].[S_Cards] CHECK CONSTRAINT [S_Cards_FK00]
GO
ALTER TABLE [dbo].[S_Cards]  WITH CHECK ADD  CONSTRAINT [S_Cards_FK01] FOREIGN KEY([Id_Lib])
REFERENCES [dbo].[Libs] ([Id])
ON UPDATE CASCADE
ON DELETE CASCADE
GO
ALTER TABLE [dbo].[S_Cards] CHECK CONSTRAINT [S_Cards_FK01]
GO
ALTER TABLE [dbo].[S_Cards]  WITH CHECK ADD  CONSTRAINT [S_Cards_FK02] FOREIGN KEY([Id_Student])
REFERENCES [dbo].[Students] ([Id])
ON UPDATE CASCADE
ON DELETE CASCADE
GO
ALTER TABLE [dbo].[S_Cards] CHECK CONSTRAINT [S_Cards_FK02]
GO
ALTER TABLE [dbo].[Students]  WITH CHECK ADD  CONSTRAINT [Students_FK00] FOREIGN KEY([Id_Group])
REFERENCES [dbo].[Groups] ([Id])
ON UPDATE CASCADE
ON DELETE CASCADE
GO
ALTER TABLE [dbo].[Students] CHECK CONSTRAINT [Students_FK00]
GO
ALTER TABLE [dbo].[T_Cards]  WITH CHECK ADD  CONSTRAINT [T_Cards_FK00] FOREIGN KEY([Id_Book])
REFERENCES [dbo].[Books] ([Id])
ON UPDATE CASCADE
ON DELETE CASCADE
GO
ALTER TABLE [dbo].[T_Cards] CHECK CONSTRAINT [T_Cards_FK00]
GO
ALTER TABLE [dbo].[T_Cards]  WITH CHECK ADD  CONSTRAINT [T_Cards_FK01] FOREIGN KEY([Id_Lib])
REFERENCES [dbo].[Libs] ([Id])
ON UPDATE CASCADE
ON DELETE CASCADE
GO
ALTER TABLE [dbo].[T_Cards] CHECK CONSTRAINT [T_Cards_FK01]
GO
ALTER TABLE [dbo].[T_Cards]  WITH CHECK ADD  CONSTRAINT [T_Cards_FK02] FOREIGN KEY([Id_Teacher])
REFERENCES [dbo].[Teachers] ([Id])
ON UPDATE CASCADE
ON DELETE CASCADE
GO
ALTER TABLE [dbo].[T_Cards] CHECK CONSTRAINT [T_Cards_FK02]
GO
ALTER TABLE [dbo].[Teachers]  WITH CHECK ADD  CONSTRAINT [Teachers_FK00] FOREIGN KEY([Id_Dep])
REFERENCES [dbo].[Departments] ([Id])
ON UPDATE CASCADE
ON DELETE CASCADE
GO
ALTER TABLE [dbo].[Teachers] CHECK CONSTRAINT [Teachers_FK00]
GO
ALTER TABLE [dbo].[Books]  WITH CHECK ADD  CONSTRAINT [CK Books Pages] CHECK  (([Pages]>(0)))
GO
ALTER TABLE [dbo].[Books] CHECK CONSTRAINT [CK Books Pages]
GO
ALTER TABLE [dbo].[Books]  WITH CHECK ADD  CONSTRAINT [CK Books Quantity] CHECK  (([Quantity]>=(0)))
GO
ALTER TABLE [dbo].[Books] CHECK CONSTRAINT [CK Books Quantity]
GO
ALTER TABLE [dbo].[Books]  WITH CHECK ADD  CONSTRAINT [CK Books YearPress] CHECK  (([YearPress]>=(1445)))
GO
ALTER TABLE [dbo].[Books] CHECK CONSTRAINT [CK Books YearPress]
GO
ALTER TABLE [dbo].[S_Cards]  WITH CHECK ADD  CONSTRAINT [CK S_Cards DateIn] CHECK  (([DateIn]>='1/1/2000'))
GO
ALTER TABLE [dbo].[S_Cards] CHECK CONSTRAINT [CK S_Cards DateIn]
GO
ALTER TABLE [dbo].[S_Cards]  WITH CHECK ADD  CONSTRAINT [CK S_Cards DateOut] CHECK  (([DateOut]>='1/1/2000'))
GO
ALTER TABLE [dbo].[S_Cards] CHECK CONSTRAINT [CK S_Cards DateOut]
GO
ALTER TABLE [dbo].[Students]  WITH CHECK ADD  CONSTRAINT [CK Students Term] CHECK  (([Term]>(0) AND [Term]<=(12)))
GO
ALTER TABLE [dbo].[Students] CHECK CONSTRAINT [CK Students Term]
GO
ALTER TABLE [dbo].[T_Cards]  WITH CHECK ADD  CONSTRAINT [CK T_Cards DateIn] CHECK  (([DateIn]>='1/1/2000'))
GO
ALTER TABLE [dbo].[T_Cards] CHECK CONSTRAINT [CK T_Cards DateIn]
GO
ALTER TABLE [dbo].[T_Cards]  WITH CHECK ADD  CONSTRAINT [CK T_Cards DateOut] CHECK  (([DateOut]>='1/1/2000'))
GO
ALTER TABLE [dbo].[T_Cards] CHECK CONSTRAINT [CK T_Cards DateOut]
GO


SELECT * FROM Books

-- Зробити 10 будь-яких запитiв зi списку у файлi "список_запитiв_до_бази_дз_5.txt"
--1. Отобразить книги с минимальным количеством страниц, выпущенные тем или иным издательством.
SELECT Press.Name, Books.Name, Books.Pages
FROM Books
JOIN Press ON Books.Id_Press = Press.Id
WHERE Books.Pages = (SELECT MIN(Pages) FROM Books WHERE Books.Id_Press = Books.Id_Press);

--2. Отобразить названия издательств, которые выпустили книги со средним количеством страниц большим 100.
SELECT Press.Name 
FROM Books
JOIN Press ON Books.Id_Press = Press.Id
GROUP BY Press.Name
HAVING AVG(Books.Pages) > 100;

--3. Вывести общую сумму страниц всех имеющихся в библиотеке книг, выпущенных издательствами BHV и БИНОМ.
SELECT SUM(Books.Pages) 
FROM Books
JOIN Press ON Books.Id_Press = Press.Id
WHERE Press.Name IN (N'BHV', N'БИНОМ');

--4. Выбрать имена и фамилии всех студентов, которые брали книги в промежутке между 1 Января 2001 года и текущей датой.
SELECT Students.FirstName, Students.LastName
FROM Students
JOIN S_Cards ON Students.Id = S_Cards.Id_Student
WHERE S_Cards.DateOut BETWEEN '2001-01-01' AND GETDATE()
GROUP BY Students.FirstName, Students.LastName;

--5. Найти всех студентов, кто на данный момент работает с книгой "Реестр Windows 2000" автора Ольга Кокорева.
--6. Отобразить информацию об авторах, средний объем книг которых (в страницах) более 600 страниц.
SELECT Authors.FirstName, Authors.LastName
FROM Books
JOIN Authors ON Books.Id_Author = Authors.Id
GROUP BY Authors.FirstName, Authors.LastName
HAVING AVG(Books.Pages) > 600;

--7. Отобразить информацию об издательствах, у которых общее количество страниц выпущенных ими книг больше 700.
SELECT Press.Name
FROM Books
JOIN Press ON Books.Id_Press = Press.Id
GROUP BY Press.Name
HAVING SUM(Books.Pages) > 700;

--8. Отобразить всех посетителей библиотеки (и студентов и преподавателей) и книги, которые они брали.
SELECT Students.FirstName, Students.LastName, Books.Name
FROM S_Cards
JOIN Students ON S_Cards.Id_Student = Students.Id
JOIN Books ON S_Cards.Id_Book = Books.Id
UNION
SELECT Teachers.FirstName, Teachers.LastName, Books.Name
FROM T_Cards
JOIN Teachers ON T_Cards.Id_Teacher = Teachers.Id
JOIN Books ON T_Cards.Id_Book = Books.Id;

9. Вывести самого популярного автора(ов) среди студентов и количество книг этого автора, взятых в библиотеке.
10. Вывести самого популярного автора(ов) среди преподавателей и количество книг этого автора, взятых в библиотеке.
11. Вывести самую популярную(ые) тематику(и) среди студентов и преподавателей.
--12. Отобразить количество преподавателей и студентов, посетивших библиотеку.
SELECT COUNT(DISTINCT S_Cards.Id_Student) AS TotalStudents
FROM S_Cards
UNION ALL
SELECT COUNT(DISTINCT T_Cards.Id_Teacher) AS TotalTeachers
FROM T_Cards;

13. Если считать общее количество книг в библиотеке за 100%, то необходимо подсчитать, сколько книг (в процентном отношении) брал каждый факультет.
14. Отобразить самый читающий факультет и самую читающую кафедру.
15. Показать автора (ов) самых популярных книг среди преподавателей и студентов.
16. Отобразить названия самых популярных книг среди преподавателей и студентов.
17. Показать всех студентов и преподавателей дизайнеров.
18. Показать всю информацию о студентах и преподавателях, бравших книги.
--19. Показать книги, которые брали и преподаватели и студенты.
SELECT Books.Name
FROM Books
WHERE Books.Id IN (
    SELECT S_Cards.Id_Book FROM S_Cards
    INTERSECT
    SELECT T_Cards.Id_Book FROM T_Cards
);

--20. Показать сколько книг выдал каждый из библиотекарей.
SELECT Libs.FirstName, Libs.LastName, COUNT(*) AS TotalBooksIssued
FROM (
    SELECT S_Cards.Id_Lib 
    FROM S_Cards 
    UNION ALL 
    SELECT T_Cards.Id_Lib 
    FROM T_Cards
) AS All_Cards
JOIN Libs ON All_Cards.Id_Lib = Libs.Id
GROUP BY Libs.FirstName, Libs.LastName;
